issue_id,question
p0171-001,What are the most common reasons for a P0171 code and how can I tell if it's a vacuum leak or a dirty MAF sensor?
p0171-001,How do I test fuel pressure and fuel trim values to determine if a weak fuel pump is causing the system‑too‑lean condition?
p0300-001,What are the most common reasons for a random/multiple cylinder misfire and how can I tell if my spark plugs or ignition coils are the culprit?
p0300-001,How do I check the fuel pressure on my vehicle and what pressure reading indicates a problem that could cause a P0300 code?
p0420-001,What are the most common causes of a P0420 code and how can I determine which one is affecting my vehicle?
p0420-001,"Can a faulty O2 sensor trigger a P0420, and what steps should I take to test the sensor before replacing the catalytic converter?"
p0455-001,What steps should I take to verify if my fuel cap is the source of the P0455 large EVAP leak code?
p0455-001,How can I test the purge valve and EVAP hoses to determine if they are causing the large leak detected by code P0455?
br001,"How can I tell if my brake pads need to be replaced based on the squealing noise, pedal vibration, and longer stopping distance?"
br001,What is the proper procedure to visually inspect pad thickness and rotor condition to confirm wear?
trans001,What could cause a noticeable lag when I press the accelerator and the transmission doesn't engage immediately?
trans001,Why does my vehicle shudder at low speeds and seem to struggle to shift smoothly?
elec001,How can I tell if the corrosion on my battery terminals is severe enough to cause the dim headlights and slow starter crank?
elec001,What is the proper method for cleaning battery terminal corrosion and re‑torquing the clamps to prevent intermittent electrical issues?
susp001,"How can I tell if my front shock absorbers are worn out just by feeling the car’s handling, without using any special tools?"
susp001,What are the typical signs of worn front shocks that differentiate them from other suspension problems like bad struts or worn bushings?
cool001,How can I tell if my radiator hose clamp is loose or needs tightening before the coolant leak gets worse?
cool001,What is the proper procedure for pressure testing the cooling system to locate a leak in the radiator hose?
elec002,How can I test whether the interior lighting relay is faulty when my dashboard lights flicker?
elec002,What steps do I need to follow to replace a corroded interior lighting relay in my vehicle?
p0171-001,"What are the common signs of a vacuum leak that could cause the P0171 (system too lean) code, and how can I inspect for it myself?"
p0171-001,"What fuel pressure range should I be seeing on my vehicle, and how do I test the fuel pump and filter to rule out a weak fuel supply for the P0171 code?"
p0300-002,"My check engine light shows P0300 and the engine shakes, what are the most common reasons for this code?"
p0300-002,Can you walk me through how to test the ignition coil resistance for a P0300 misfire?
p0420-003,What does the P0420 code indicate and what steps should I take to fix a catalyst efficiency problem on Bank 1?
p0420-003,How can I determine if my catalytic converter is clogged versus an oxygen sensor or exhaust leak causing the P0420 code?
p0455-004,What does the P0455 code indicate and what are the steps to diagnose and fix a large EVAP leak?
p0455-004,Why do I smell gasoline after refueling and could a loose fuel cap be the cause of the P0455 error?
brk001,How can I determine if my brake pads are worn enough to need replacement?
brk001,"Is the squealing noise a sign that I should replace the pads immediately, or can I continue driving for a while?"
trn001,What are the most common reasons for my transmission to shift late and feel jerky?
trn001,How can I test the shift solenoids and check the transmission fluid to diagnose this problem?
elec001,How can I tell if my battery terminals are corroded and causing the dim lights and slow crank?
elec001,What is the proper method and tools for cleaning and re‑torquing corroded battery terminals?
sus001,How can I confirm that my front shock absorbers are worn out based on the symptoms I'm experiencing?
sus001,What is the recommended procedure for inspecting and replacing worn front shock absorbers?
cool001,How can I tell if the radiator hose clamp is the cause of the coolant leak?
cool001,What is the correct procedure for pressure‑testing the cooling system to locate a hose leak?
elec002,How can I confirm that the interior lighting relay is the reason my dome lights are out or flickering?
elec002,What steps should I follow to safely measure voltage at the lighting relay terminals while the interior light switch is on?
p0174-001,What are the most common vacuum leaks that can trigger a P0174 code and how can I locate them?
p0174-001,What fuel pressure should I see when testing the fuel system for a lean condition on Bank 2?
p0301-001,"What are the most common causes of a cylinder 1 misfire and how can I determine whether it's the spark plug, ignition coil, or low compression?"
p0301-001,Can you walk me through the step‑by‑step procedure for inspecting the spark plug and coil on cylinder 1 and performing a compression test?
p0128-001,How can I determine whether my thermostat is stuck open or stuck closed when I get a P0128 code?
p0128-001,What is the proper coolant level and type needed to prevent the Engine Coolant Temperature warning and P0128 code?
p0500-001,What are the possible reasons my speedometer is stuck and how can I confirm if the vehicle speed sensor is at fault?
p0500-001,"Can I test the vehicle speed sensor myself, and what voltage readings should I expect while rotating the wheel?"
p0562-001,What voltage readings should I expect at the battery both at idle and while the engine is running to confirm a low system voltage condition?
p0562-001,How can I test my alternator to determine if it’s the cause of the P0562 code and the dimming lights?
p0606-001,What are the common reasons for a P0606 Control Module Communication Error and how can I determine if the ECU is faulty?
p0606-001,What steps should I follow to check the ECU power and ground circuits and verify the communication line integrity for a P0606 code?
b001-001,What are the steps to read the specific airbag module codes using an OEM scan tool?
b001-001,How can I tell if the impact sensor wiring or the related fuse is causing the airbag warning light to stay on?
b002-001,What are the most common reasons for my steering wheel to vibrate only when driving above 60 mph?
b002-001,"How can I determine whether the vibration is due to unbalanced wheels versus uneven tire wear, and what steps should I take to fix it?"
b003-001,Why is my clutch pedal hard to press and what steps should I take to diagnose the problem?
b003-001,"Could low clutch fluid or air in the hydraulic line be causing the stiffness, and how do I properly bleed the system?"
b004-001,Why is my engine temperature climbing quickly even though there is no coolant leak and the radiator fan isn’t engaging?
b004-001,What is the proper procedure to test the radiator fan motor resistance and check the fan relay or fuse?
p0171-001,What are the most common signs that a dirty MAF sensor is causing the P0171 (System Too Lean – Bank 2) code?
p0171-001,How can I check for a vacuum leak and determine if it’s responsible for the rough idle and reduced fuel economy associated with P0171?
p0300-002,How can I determine which specific cylinder(s) are causing the random/multiple misfire indicated by code P0300?
p0300-002,What are the recommended procedures for testing the ignition coils and checking fuel pressure when dealing with a P0300 random/multiple cylinder misfire?
p0420-003,What are the most common causes of a P0420 code and how can I tell whether the catalytic converter or an oxygen sensor is the faulty component?
p0420-003,Which diagnostic steps should I follow to confirm a catalyst efficiency issue and rule out exhaust leaks or sensor malfunctions?
p0455-004,What steps should I take to verify if the fuel cap is the cause of the P0455 code?
p0455-004,"How can I perform an EVAP smoke test, or have it done, to locate a large leak in the system?"
brk001,How can I determine if my front brake pads are below the minimum thickness and need replacement?
brk001,What are the safety risks and performance effects of driving with brake pads that are near the 3 mm wear limit?
trn001,What are the most common reasons for a lag or shudder when my transmission shifts?
trn001,"How can I check the transmission fluid level and condition, and test the solenoid resistance myself?"
elec001,How can I safely clean the corrosion off my battery terminals?
elec001,What voltage should I see at the battery after cleaning to know it’s charging properly?
sus001,How can I perform a bounce test to determine if my front shock absorbers are worn?
sus001,What symptoms indicate that my front shock absorbers need to be replaced and what damage can they cause if ignored?
cool001,How can I determine if the radiator upper hose is the exact source of the coolant puddle under my car?
cool001,What torque specification should I use when reinstalling the clamps on the radiator upper hose to prevent future leaks?
elec002,How do I locate the interior light relay and measure its coil resistance to verify it’s within the 80‑120 Ω specification?
elec002,"If swapping the relay with a known‑good one doesn’t restore the interior lights, what other electrical components should I inspect next?"
p0171-002,How can I test my vacuum hoses for leaks to see if they are causing the P0171 (System Too Lean) code?
p0171-002,What is the proper fuel pressure for my engine and how do I measure it to diagnose a weak fuel pump or clogged filter?
p0300-003,How can I determine if my spark plugs are the cause of the random/multiple cylinder misfire (P0300) code?
p0300-003,"What fuel pressure reading is normal, and how do I check the fuel pressure regulator when diagnosing a P0300 misfire?"
p0420-004,What are the most common reasons for a P0420 code and how can I determine if the catalytic converter itself is faulty?
p0420-004,Can you walk me through the steps to test the upstream and downstream O₂ sensors and perform the catalyst temperature test for a P0420 diagnosis?
p0455-005,"What are the step‑by‑step procedures to diagnose a large EVAP leak, and how can I perform a smoke test on the system?"
p0455-005,"Can a loose or faulty gas cap trigger the P0455 code, and how can I determine if the cap needs to be tightened or replaced?"
brk001,How can I tell if my brake fluid is contaminated versus simply old or dirty?
brk001,What is the proper procedure to bleed the brake system and replace the fluid to resolve a spongy pedal?
elec002,Why does my power window sometimes stall or move slowly and just make a clicking sound?
elec002,"What steps should I take to determine if the problem is the window motor, the switch, or a poor ground connection?"
susp003,What are the signs that my rear upper control arm bushings need to be replaced?
susp003,Will worn rear control arm bushings cause uneven tire wear or affect wheel alignment?
cool004,How can I tell if the radiator fan relay is the cause of my engine overheating instead of a bad temperature sensor?
cool004,What is the proper procedure to test the relay coil resistance and swap it with another relay to confirm a failure?
trans005,What are the common symptoms that indicate my transmission cooler is clogged and causing the fluid to overheat?
trans005,How can I inspect the transmission fluid level and condition myself to determine if low or dirty fluid is the cause?
elec006,Why does one of my headlights appear dim or flicker even though the bulbs are new?
elec006,What steps should I take to clean and protect the headlight ground strap to stop intermittent loss of beam?
