id,question
P0171-001,What are the steps to clean a dirty Mass Air Flow (MAF) sensor that’s causing a P0171 code?
P0171-001,How can I tell if a vacuum leak is the reason for the ‘System Too Lean (Bank 1)’ error and rough idle?
P0171-001,What are the steps to clean a dirty Mass Air Flow (MAF) sensor that’s causing a P0171 code?
P0171-001,How can I tell if a vacuum leak is the reason for the ‘System Too Lean (Bank 1)’ error and rough idle?
P0300-002,"What are the steps to diagnose and fix a P0300 random/multiple cylinder misfire, and how do I know if the spark plugs or ignition coils are the culprit?"
P0300-002,"Can a leaking fuel injector cause a P0300 code, and what tests should I run to determine if the injector needs cleaning or replacement?"
P0300-002,"What are the steps to diagnose and fix a P0300 random/multiple cylinder misfire, and how do I know if the spark plugs or ignition coils are the culprit?"
P0300-002,"Can a leaking fuel injector cause a P0300 code, and what tests should I run to determine if the injector needs cleaning or replacement?"
P0420-003,What are the common reasons for a P0420 code and how can I confirm if my catalytic converter is the problem?
P0420-003,How do I test the upstream O2 sensor and check for exhaust leaks to troubleshoot reduced fuel economy and the check engine light?
P0420-003,What are the common reasons for a P0420 code and how can I confirm if my catalytic converter is the problem?
P0420-003,How do I test the upstream O2 sensor and check for exhaust leaks to troubleshoot reduced fuel economy and the check engine light?
P0455-004,"Could a loose or faulty fuel cap be the only reason for the P0455 code, and how can I confirm it?"
P0455-004,"What does a smoke test involve for the EVAP system, and can I perform it at home or do I need a professional?"
P0455-004,"Could a loose or faulty fuel cap be the only reason for the P0455 code, and how can I confirm it?"
P0455-004,"What does a smoke test involve for the EVAP system, and can I perform it at home or do I need a professional?"
P0141-005,How can I test the heater circuit for the Bank 1 oxygen sensor to see if the fuse or wiring is the problem?
P0141-005,"If the O2 sensor heater is faulty, what is the typical replacement cost and does it affect fuel economy significantly?"
P0141-005,How can I test the heater circuit for the Bank 1 oxygen sensor to see if the fuse or wiring is the problem?
P0141-005,"If the O2 sensor heater is faulty, what is the typical replacement cost and does it affect fuel economy significantly?"
P0113-006,What are the steps to test the Intake Air Temperature (IAT) sensor and determine if it is causing the P0113 code?
P0113-006,"Could a damaged wiring harness or loose connector be responsible for the high input reading on the IAT sensor, and how can I inspect it?"
P0113-006,What are the steps to test the Intake Air Temperature (IAT) sensor and determine if it is causing the P0113 code?
P0113-006,"Could a damaged wiring harness or loose connector be responsible for the high input reading on the IAT sensor, and how can I inspect it?"
P0128-007,Why is my check engine light on with code P0128 even though the coolant level looks fine?
P0128-007,What steps should I take to test if my thermostat is stuck open and causing the engine to run cold?
P0128-007,Why is my check engine light on with code P0128 even though the coolant level looks fine?
P0128-007,What steps should I take to test if my thermostat is stuck open and causing the engine to run cold?
P0500-008,How can I test the vehicle speed sensor signal with an oscilloscope to confirm if it’s causing the P0500 code?
P0500-008,What are the common wiring or connector problems that could lead to erratic speedometer readings and transmission shifting issues for a P0500 fault?
P0500-008,How can I test the vehicle speed sensor signal with an oscilloscope to confirm if it’s causing the P0500 code?
P0500-008,What are the common wiring or connector problems that could lead to erratic speedometer readings and transmission shifting issues for a P0500 fault?
P0700-009,What does a P0700 code indicate and why is my transmission warning light flashing?
P0700-009,"How can I determine if the erratic shifting is caused by a faulty TCM, a wiring problem, or an internal transmission issue?"
P0700-009,What does a P0700 code indicate and why is my transmission warning light flashing?
P0700-009,"How can I determine if the erratic shifting is caused by a faulty TCM, a wiring problem, or an internal transmission issue?"
P0705-010,What is the proper procedure to test the transmission range sensor output for a P0705 code using a multimeter?
P0705-010,"Could a wiring short or bad connector cause the P0705 transmission range sensor circuit malfunction, and how can I inspect them?"
P0705-010,What is the proper procedure to test the transmission range sensor output for a P0705 code using a multimeter?
P0705-010,"Could a wiring short or bad connector cause the P0705 transmission range sensor circuit malfunction, and how can I inspect them?"
P2101-011,What are the step‑by‑step procedures to test the throttle body motor resistance for a P2101 code?
P2101-011,"Can a dirty throttle body cause the rough idle and throttle lag symptoms associated with P2101, and how do I clean it properly?"
P2101-011,What are the step‑by‑step procedures to test the throttle body motor resistance for a P2101 code?
P2101-011,"Can a dirty throttle body cause the rough idle and throttle lag symptoms associated with P2101, and how do I clean it properly?"
P2210-012,What does the P2210 code mean and why is my engine running rich on Bank 1?
P2210-012,How can I perform an injector balance test and check fuel pressure to diagnose a leaking injector?
P2210-012,What does the P2210 code mean and why is my engine running rich on Bank 1?
P2210-012,How can I perform an injector balance test and check fuel pressure to diagnose a leaking injector?
P0A8C-013,What does the P0A8C code mean and how does a faulty hybrid battery pack temperature sensor affect my vehicle’s performance?
P0A8C-013,How can I test the hybrid battery pack temperature sensor and its wiring to determine if it needs to be replaced?
P0A8C-013,What does the P0A8C code mean and how does a faulty hybrid battery pack temperature sensor affect my vehicle’s performance?
P0A8C-013,How can I test the hybrid battery pack temperature sensor and its wiring to determine if it needs to be replaced?
BRK001,How can I check the thickness of my brake pads and know when they need to be replaced?
BRK001,"Is the squealing noise and longer stopping distance definitely caused by worn brake pads, or could something else be the problem?"
BRK001,How can I check the thickness of my brake pads and know when they need to be replaced?
BRK001,"Is the squealing noise and longer stopping distance definitely caused by worn brake pads, or could something else be the problem?"
BRK002,How can I determine if my brake rotors are warped or have excessive runout?
BRK002,What is the maximum allowable rotor runout and can I machine the rotors myself or do I need to replace them?
BRK002,How can I determine if my brake rotors are warped or have excessive runout?
BRK002,What is the maximum allowable rotor runout and can I machine the rotors myself or do I need to replace them?
BRK003,How can I perform a pressure test on the ABS hydraulic pump to determine if it's the cause of the warning light?
BRK003,"What is involved in replacing a failed ABS pump, and what should I expect in terms of cost and labor?"
BRK003,How can I perform a pressure test on the ABS hydraulic pump to determine if it's the cause of the warning light?
BRK003,"What is involved in replacing a failed ABS pump, and what should I expect in terms of cost and labor?"
